SUBJECTID,LOGSYMPTSCORE_SC3
4034,0.585253167
4036,1.046139167
4040,0.800861748
4042,0.937265505
4043,0.792804483
4044,0.78744281
4049,0.979906233
5004,1.3140103
5006,1.003107744
5010,1.035376139
5012,1.091267106
5014,1.090658817
5018,0.899722511
5019,0.989053083
5020,0.97360595
HRV10-004,1.143591683
HRV10-005,0.753580448
HRV10-010,0.830544393
HRV10-015,1.018573296
HRV10-017,1.117873603
HRV10-018,0.92122591
HRV10-023,0.93911601
HRV10-028,0.709323341
