SUBJECTID,SYMPTOMATIC_SC2
4042,0.445994
4036,0.378092
4044,0.845348
4040,0.033171
4034,0.541966
4049,0.608350
4043,0.095025
HRV10-005,0.634603
HRV10-004,0.500000
HRV10-010,0.619408
HRV10-018,0.384610
HRV10-028,0.742154
HRV10-017,0.796163
HRV10-023,0.789732
HRV10-015,0.954697
5006,0.871059
5004,0.932492
5020,0.931244
5012,0.848304
5019,0.515397
5010,0.623796
5018,0.741964
5014,0.014225
