SUBJECTID,LOGSYMPTSCORE_SC3
4034,0.511450221
4036,1.063401524
4040,0.830313244
4042,1.032338782
4043,0.814664304
4044,0.928504958
4049,0.963217451
5004,1.146951008
5006,0.99284591
5010,0.977914688
5012,0.988475414
5014,1.0080023
5018,0.881345489
5019,0.902036922
5020,1.044844216
HRV10-004,1.123800825
HRV10-005,0.769724424
HRV10-010,0.825531833
HRV10-015,1.000593836
HRV10-017,1.152102559
HRV10-018,0.967234095
HRV10-023,0.958096779
HRV10-028,0.851812609
