SUBJECTID,LOGSYMPTSCORE_SC3
4042,1.26510
4036,0.17328
4044,0.79384
4040,0.24802
4034,0.22547
4049,1.07055
4043,1.20326
5006,0.36275
5004,1.06905
5020,1.04767
5012,0.82460
5019,0.61708
5010,0.99901
5018,0.84093
5014,0.93485
HRV10-005,1.08208
HRV10-004,1.37958
HRV10-010,1.11268
HRV10-018,2.04605
HRV10-028,1.43420
HRV10-017,1.32093
HRV10-023,1.55633
HRV10-015,1.02125
